-- phpMyAdmin SQL Dump
-- version 5.0.3
-- https://www.phpmyadmin.net/
--
-- Host: 127.0.0.1
-- Generation Time: Oct 03, 2022 at 12:17 PM
-- Server version: 10.4.14-MariaDB
-- PHP Version: 7.4.11

SET SQL_MODE = "NO_AUTO_VALUE_ON_ZERO";
START TRANSACTION;
SET time_zone = "+00:00";


/*!40101 SET @OLD_CHARACTER_SET_CLIENT=@@CHARACTER_SET_CLIENT */;
/*!40101 SET @OLD_CHARACTER_SET_RESULTS=@@CHARACTER_SET_RESULTS */;
/*!40101 SET @OLD_COLLATION_CONNECTION=@@COLLATION_CONNECTION */;
/*!40101 SET NAMES utf8mb4 */;

--
-- Database: `africa`
--

-- --------------------------------------------------------

--
-- Table structure for table `tblapplicants`
--

CREATE TABLE `tblapplicants` (
  `APPLICANTID` int(11) NOT NULL,
  `FNAME` varchar(90) NOT NULL,
  `LNAME` varchar(90) NOT NULL,
  `MNAME` varchar(90) NOT NULL,
  `ADDRESS` varchar(255) NOT NULL,
  `SEX` varchar(11) NOT NULL,
  `CIVILSTATUS` varchar(30) NOT NULL,
  `BIRTHDATE` date NOT NULL,
  `BIRTHPLACE` varchar(255) DEFAULT NULL,
  `AGE` int(2) DEFAULT NULL,
  `USERNAME` varchar(90) NOT NULL,
  `PASS` varchar(90) NOT NULL,
  `EMAILADDRESS` varchar(90) NOT NULL,
  `CONTACTNO` varchar(90) NOT NULL,
  `DEGREE` varchar(255) NOT NULL,
  `APPLICANTPHOTO` varchar(255) DEFAULT NULL,
  `NATIONALID` varchar(255) DEFAULT NULL,
  `EXPERINCE` varchar(255) DEFAULT NULL
) ENGINE=InnoDB DEFAULT CHARSET=utf8;

--
-- Dumping data for table `tblapplicants`
--

INSERT INTO `tblapplicants` (`APPLICANTID`, `FNAME`, `LNAME`, `MNAME`, `ADDRESS`, `SEX`, `CIVILSTATUS`, `BIRTHDATE`, `BIRTHPLACE`, `AGE`, `USERNAME`, `PASS`, `EMAILADDRESS`, `CONTACTNO`, `DEGREE`, `APPLICANTPHOTO`, `NATIONALID`, `EXPERINCE`) VALUES
(2022028, 'Wail', 'Abdaljalel', 'Adam', 'bhri', 'Male', 'Single', '1996-10-22', NULL, NULL, 'wail@gmail.com', '123', 'wail@gmail.com', '092645508', 'High School', NULL, NULL, NULL),
(2022029, 'Ahmed', 'hashim', 'omer', 'KH', 'Male', 'Single', '2000-05-02', NULL, NULL, 'ahmed@gmail.com', '123', 'ahmed@gmail.com', '0920135', 'High School', NULL, NULL, NULL);

-- --------------------------------------------------------

--
-- Table structure for table `tblattachmentfile`
--

CREATE TABLE `tblattachmentfile` (
  `ID` int(11) NOT NULL,
  `FILEID` varchar(30) DEFAULT NULL,
  `JOBID` int(11) NOT NULL,
  `FILE_NAME` varchar(90) NOT NULL,
  `FILE_LOCATION` varchar(255) NOT NULL,
  `USERATTACHMENTID` int(11) NOT NULL
) ENGINE=InnoDB DEFAULT CHARSET=latin1;

-- --------------------------------------------------------

--
-- Table structure for table `tblautonumbers`
--

CREATE TABLE `tblautonumbers` (
  `AUTOID` int(11) NOT NULL,
  `AUTOSTART` varchar(30) NOT NULL,
  `AUTOEND` int(11) NOT NULL,
  `AUTOINC` int(11) NOT NULL,
  `AUTOKEY` varchar(30) NOT NULL
) ENGINE=InnoDB DEFAULT CHARSET=latin1;

--
-- Dumping data for table `tblautonumbers`
--

INSERT INTO `tblautonumbers` (`AUTOID`, `AUTOSTART`, `AUTOEND`, `AUTOINC`, `AUTOKEY`) VALUES
(1, '02983', 9, 1, 'userid'),
(2, '000', 84, 1, 'employeeid'),
(3, '0', 28, 1, 'APPLICANT'),
(4, '69125', 55, 1, 'FILEID');

-- --------------------------------------------------------

--
-- Table structure for table `tblcategory`
--

CREATE TABLE `tblcategory` (
  `CATEGORYID` int(11) NOT NULL,
  `CATEGORY` varchar(250) NOT NULL
) ENGINE=InnoDB DEFAULT CHARSET=latin1;

--
-- Dumping data for table `tblcategory`
--

INSERT INTO `tblcategory` (`CATEGORYID`, `CATEGORY`) VALUES
(29, 'Scholarship');

-- --------------------------------------------------------

--
-- Table structure for table `tblcompany`
--

CREATE TABLE `tblcompany` (
  `COMPANYID` int(11) NOT NULL,
  `COMPANYNAME` varchar(90) NOT NULL,
  `COMPANYADDRESS` varchar(90) NOT NULL,
  `COMPANYCONTACTNO` varchar(30) NOT NULL,
  `COMPANYSTATUS` varchar(90) NOT NULL,
  `COMPANYMISSION` text NOT NULL
) ENGINE=InnoDB DEFAULT CHARSET=latin1;

--
-- Dumping data for table `tblcompany`
--

INSERT INTO `tblcompany` (`COMPANYID`, `COMPANYNAME`, `COMPANYADDRESS`, `COMPANYCONTACTNO`, `COMPANYSTATUS`, `COMPANYMISSION`) VALUES
(15, 'Information Technology', 'UNI', '859', '', ''),
(16, 'computer science', 'UNI', '5555', '', ''),
(17, 'Engineering', 'UNI', '5233', '', '');

-- --------------------------------------------------------

--
-- Table structure for table `tblemployees`
--

CREATE TABLE `tblemployees` (
  `INCID` int(11) NOT NULL,
  `EMPLOYEEID` varchar(30) NOT NULL,
  `FNAME` varchar(50) NOT NULL,
  `LNAME` varchar(50) NOT NULL,
  `MNAME` varchar(50) NOT NULL,
  `ADDRESS` varchar(90) NOT NULL,
  `BIRTHDATE` date NOT NULL,
  `BIRTHPLACE` varchar(90) NOT NULL,
  `AGE` int(11) NOT NULL,
  `SEX` varchar(30) NOT NULL,
  `CIVILSTATUS` varchar(30) NOT NULL,
  `TELNO` varchar(40) NOT NULL,
  `EMP_EMAILADDRESS` varchar(90) NOT NULL,
  `CELLNO` varchar(30) NOT NULL,
  `POSITION` varchar(50) NOT NULL,
  `WORKSTATS` varchar(90) NOT NULL,
  `EMPPHOTO` varchar(255) NOT NULL,
  `EMPUSERNAME` varchar(90) NOT NULL,
  `EMPPASSWORD` varchar(125) NOT NULL,
  `DATEHIRED` date NOT NULL,
  `COMPANYID` int(11) NOT NULL
) ENGINE=InnoDB DEFAULT CHARSET=latin1;

-- --------------------------------------------------------

--
-- Table structure for table `tblfeedback`
--

CREATE TABLE `tblfeedback` (
  `FEEDBACKID` int(11) NOT NULL,
  `APPLICANTID` int(11) NOT NULL,
  `REGISTRATIONID` int(11) NOT NULL,
  `FEEDBACK` text NOT NULL
) ENGINE=InnoDB DEFAULT CHARSET=latin1;

--
-- Dumping data for table `tblfeedback`
--

INSERT INTO `tblfeedback` (`FEEDBACKID`, `APPLICANTID`, `REGISTRATIONID`, `FEEDBACK`) VALUES
(2, 2018015, 2, 'came to the company'),
(3, 2022016, 3, ' Thank you for applied for this job'),
(4, 2018013, 5, 'we are interrested'),
(5, 2022018, 7, 'hi\r\n'),
(6, 2022028, 24, 'Pending');

-- --------------------------------------------------------

--
-- Table structure for table `tbljob`
--

CREATE TABLE `tbljob` (
  `JOBID` int(11) NOT NULL,
  `COMPANYID` int(11) NOT NULL,
  `CATEGORY` varchar(250) NOT NULL,
  `OCCUPATIONTITLE` varchar(90) NOT NULL,
  `REQ_NO_EMPLOYEES` int(11) NOT NULL,
  `SALARIES` varchar(255) NOT NULL,
  `DURATION_EMPLOYEMENT` varchar(90) NOT NULL,
  `QUALIFICATION_WORKEXPERIENCE` text NOT NULL,
  `JOBDESCRIPTION` text NOT NULL,
  `PREFEREDSEX` varchar(30) NOT NULL,
  `SECTOR_VACANCY` text NOT NULL,
  `JOBSTATUS` varchar(255) DEFAULT 'Open',
  `DATEPOSTED` varchar(255) NOT NULL,
  `end_date` varchar(255) DEFAULT NULL,
  `Job_DEGREE` varchar(255) NOT NULL
) ENGINE=InnoDB DEFAULT CHARSET=latin1;

--
-- Dumping data for table `tbljob`
--

INSERT INTO `tbljob` (`JOBID`, `COMPANYID`, `CATEGORY`, `OCCUPATIONTITLE`, `REQ_NO_EMPLOYEES`, `SALARIES`, `DURATION_EMPLOYEMENT`, `QUALIFICATION_WORKEXPERIENCE`, `JOBDESCRIPTION`, `PREFEREDSEX`, `SECTOR_VACANCY`, `JOBSTATUS`, `DATEPOSTED`, `end_date`, `Job_DEGREE`) VALUES
(8, 16, 'Scholarship', 'Diploma in Computer Science', 5, '100 per month', '5 years', 'NON', 'best ever', 'Male/Female', 'non', 'Open', '2022-10-02', '2022-10-06', 'Bachelor'),
(9, 15, 'Scholarship', 'Master In Information Technology', 4, 'free', '4 yers', 'NON', 'test', 'Male/Female', 'non', 'Open', '2022-09-27', '2022-10-06', 'Master'),
(10, 17, 'Scholarship', 'Master In Engineering', 5, '50 $ per month', '2 yers', 'NON', 'the best', 'Male/Female', 'non', 'Open', '2022-09-27', '2022-10-07', 'Master'),
(11, 17, 'Scholarship', 'diploma in computer enginering', 55, '100 per month', '4', 'NON', 'wea are the one', 'Male/Female', 'non', 'Open', '2022-10-01', '2022-11-05', 'Diploma');

-- --------------------------------------------------------

--
-- Table structure for table `tbljobregistration`
--

CREATE TABLE `tbljobregistration` (
  `REGISTRATIONID` int(11) NOT NULL,
  `COMPANYID` int(11) NOT NULL,
  `JOBID` int(11) NOT NULL,
  `APPLICANTID` int(11) NOT NULL,
  `APPLICANT` varchar(90) NOT NULL,
  `REGISTRATIONDATE` date NOT NULL,
  `REMARKS` varchar(255) NOT NULL DEFAULT 'Pending',
  `FILEID` varchar(30) DEFAULT NULL,
  `PENDINGAPPLICATION` tinyint(1) NOT NULL DEFAULT 1,
  `HVIEW` tinyint(1) NOT NULL DEFAULT 1,
  `DATETIMEAPPROVED` datetime DEFAULT NULL,
  `admin_approve` int(11) NOT NULL DEFAULT 0,
  `admin_app_1` int(11) NOT NULL DEFAULT 0,
  `FILE_NAME_LOCATION` varchar(255) NOT NULL
) ENGINE=InnoDB DEFAULT CHARSET=latin1;

--
-- Dumping data for table `tbljobregistration`
--

INSERT INTO `tbljobregistration` (`REGISTRATIONID`, `COMPANYID`, `JOBID`, `APPLICANTID`, `APPLICANT`, `REGISTRATIONDATE`, `REMARKS`, `FILEID`, `PENDINGAPPLICATION`, `HVIEW`, `DATETIMEAPPROVED`, `admin_approve`, `admin_app_1`, `FILE_NAME_LOCATION`) VALUES
(24, 16, 8, 2022028, 'Wail Adam', '2022-10-01', 'Pending', NULL, 0, 0, '2022-10-01 00:00:00', 0, 1, 'the_coulom.txt'),
(25, 15, 9, 2022028, 'Wail Adam', '2022-10-01', 'Pending', NULL, 0, 0, '2022-10-01 00:00:00', 0, 2, 'weekly_Report.pdf'),
(26, 17, 10, 2022029, 'Ahmed omer', '2022-10-02', 'Pending', NULL, 1, 1, NULL, 0, 0, 'Mohammed Abuelgassim Hussein Ahmed.pdf');

-- --------------------------------------------------------

--
-- Table structure for table `tblusers`
--

CREATE TABLE `tblusers` (
  `USERID` varchar(30) NOT NULL,
  `FULLNAME` varchar(40) NOT NULL,
  `USERNAME` varchar(90) NOT NULL,
  `PASS` varchar(90) NOT NULL,
  `ROLE` varchar(30) NOT NULL,
  `PICLOCATION` varchar(255) NOT NULL
) ENGINE=InnoDB DEFAULT CHARSET=latin1;

--
-- Dumping data for table `tblusers`
--

INSERT INTO `tblusers` (`USERID`, `FULLNAME`, `USERNAME`, `PASS`, `ROLE`, `PICLOCATION`) VALUES
('00018', 'admin', 'admin', 'f865b53623b121fd34ee5426c792e5c33af8c227', 'Administrator', 'photos/Koala.jpg'),
('029838', 'test', 'test', 'a94a8fe5ccb19ba61c4c0873d391e987982fbbd3', 'Administrator', '');

--
-- Indexes for dumped tables
--

--
-- Indexes for table `tblapplicants`
--
ALTER TABLE `tblapplicants`
  ADD PRIMARY KEY (`APPLICANTID`);

--
-- Indexes for table `tblattachmentfile`
--
ALTER TABLE `tblattachmentfile`
  ADD PRIMARY KEY (`ID`);

--
-- Indexes for table `tblautonumbers`
--
ALTER TABLE `tblautonumbers`
  ADD PRIMARY KEY (`AUTOID`);

--
-- Indexes for table `tblcategory`
--
ALTER TABLE `tblcategory`
  ADD PRIMARY KEY (`CATEGORYID`);

--
-- Indexes for table `tblcompany`
--
ALTER TABLE `tblcompany`
  ADD PRIMARY KEY (`COMPANYID`);

--
-- Indexes for table `tblemployees`
--
ALTER TABLE `tblemployees`
  ADD PRIMARY KEY (`INCID`),
  ADD UNIQUE KEY `EMPLOYEEID` (`EMPLOYEEID`);

--
-- Indexes for table `tblfeedback`
--
ALTER TABLE `tblfeedback`
  ADD PRIMARY KEY (`FEEDBACKID`);

--
-- Indexes for table `tbljob`
--
ALTER TABLE `tbljob`
  ADD PRIMARY KEY (`JOBID`);

--
-- Indexes for table `tbljobregistration`
--
ALTER TABLE `tbljobregistration`
  ADD PRIMARY KEY (`REGISTRATIONID`);

--
-- Indexes for table `tblusers`
--
ALTER TABLE `tblusers`
  ADD PRIMARY KEY (`USERID`);

--
-- AUTO_INCREMENT for dumped tables
--

--
-- AUTO_INCREMENT for table `tblapplicants`
--
ALTER TABLE `tblapplicants`
  MODIFY `APPLICANTID` int(11) NOT NULL AUTO_INCREMENT, AUTO_INCREMENT=2022030;

--
-- AUTO_INCREMENT for table `tblattachmentfile`
--
ALTER TABLE `tblattachmentfile`
  MODIFY `ID` int(11) NOT NULL AUTO_INCREMENT, AUTO_INCREMENT=23;

--
-- AUTO_INCREMENT for table `tblautonumbers`
--
ALTER TABLE `tblautonumbers`
  MODIFY `AUTOID` int(11) NOT NULL AUTO_INCREMENT, AUTO_INCREMENT=5;

--
-- AUTO_INCREMENT for table `tblcategory`
--
ALTER TABLE `tblcategory`
  MODIFY `CATEGORYID` int(11) NOT NULL AUTO_INCREMENT, AUTO_INCREMENT=30;

--
-- AUTO_INCREMENT for table `tblcompany`
--
ALTER TABLE `tblcompany`
  MODIFY `COMPANYID` int(11) NOT NULL AUTO_INCREMENT, AUTO_INCREMENT=18;

--
-- AUTO_INCREMENT for table `tblemployees`
--
ALTER TABLE `tblemployees`
  MODIFY `INCID` int(11) NOT NULL AUTO_INCREMENT, AUTO_INCREMENT=83;

--
-- AUTO_INCREMENT for table `tblfeedback`
--
ALTER TABLE `tblfeedback`
  MODIFY `FEEDBACKID` int(11) NOT NULL AUTO_INCREMENT, AUTO_INCREMENT=7;

--
-- AUTO_INCREMENT for table `tbljob`
--
ALTER TABLE `tbljob`
  MODIFY `JOBID` int(11) NOT NULL AUTO_INCREMENT, AUTO_INCREMENT=12;

--
-- AUTO_INCREMENT for table `tbljobregistration`
--
ALTER TABLE `tbljobregistration`
  MODIFY `REGISTRATIONID` int(11) NOT NULL AUTO_INCREMENT, AUTO_INCREMENT=27;
COMMIT;

/*!40101 SET CHARACTER_SET_CLIENT=@OLD_CHARACTER_SET_CLIENT */;
/*!40101 SET CHARACTER_SET_RESULTS=@OLD_CHARACTER_SET_RESULTS */;
/*!40101 SET COLLATION_CONNECTION=@OLD_COLLATION_CONNECTION */;
